{
    "left": {
        "left": {
            "left": null,
            "node": {
                "distance_from_earth": 108.10180387024076,
                "sector_code": "108LDF",
                "x": -78,
                "y": -29,
                "z": 69
            },
            "right": {
                "left": null,
                "node": {
                    "distance_from_earth": 103.12128781197411,
                    "sector_code": "103LDF",
                    "x": -77,
                    "y": -68,
                    "z": 9
                },
                "right": null
            }
        },
        "node": {
            "distance_from_earth": 97.83659846908007,
            "sector_code": "97LDB",
            "x": -60,
            "y": -76,
            "z": -14
        },
        "right": {
            "left": {
                "left": null,
                "node": {
                    "distance_from_earth": 137.20422734012243,
                    "sector_code": "137LDF",
                    "x": -44,
                    "y": -83,
                    "z": 100
                },
                "right": {
                    "left": null,
                    "node": {
                        "distance_from_earth": 109.06878563548784,
                        "sector_code": "109LDB",
                        "x": -36,
                        "y": -90,
                        "z": -50
                    },
                    "right": null
                }
            },
            "node": {
                "distance_from_earth": 94.30270409696638,
                "sector_code": "94LDF",
                "x": -27,
                "y": -8,
                "z": 90
            },
            "right": {
                "left": null,
                "node": {
                    "distance_from_earth": 89.39798655450804,
                    "sector_code": "89LUF",
                    "x": -12,
                    "y": 42,
                    "z": 78
                },
                "right": null
            }
        }
    },
    "node": {
        "distance_from_earth": 0.0,
        "sector_code": "0SSS",
        "x": 0,
        "y": 0,
        "z": 0
    },
    "right": {
        "left": {
            "left": null,
            "node": {
                "distance_from_earth": 92.33634170791044,
                "sector_code": "92RUB",
                "x": 29,
                "y": 79,
                "z": -38
            },
            "right": null
        },
        "node": {
            "distance_from_earth": 103.39729203417274,
            "sector_code": "103RUF",
            "x": 91,
            "y": 41,
            "z": 27
        },
        "right": {
            "left": null,
            "node": {
                "distance_from_earth": 123.37341690980274,
                "sector_code": "123RDB",
                "x": 96,
                "y": -73,
                "z": -26
            },
            "right": null
        }
    }
}