{
    "left": {
        "left": null,
        "node": {
            "distance_from_earth": 83.0,
            "sector_code": "83LUF",
            "x": -38,
            "y": 33,
            "z": 66
        },
        "right": null
    },
    "node": {
        "distance_from_earth": 0.0,
        "sector_code": "0SSS",
        "x": 0,
        "y": 0,
        "z": 0
    },
    "right": {
        "left": {
            "left": {
                "left": null,
                "node": {
                    "distance_from_earth": 30.675723300355934,
                    "sector_code": "30SUB",
                    "x": 0,
                    "y": 10,
                    "z": -29
                },
                "right": null
            },
            "node": {
                "distance_from_earth": 89.40357934669059,
                "sector_code": "89RDF",
                "x": 42,
                "y": -73,
                "z": 30
            },
            "right": null
        },
        "node": {
            "distance_from_earth": 116.09478885807063,
            "sector_code": "116RDB",
            "x": 67,
            "y": -75,
            "z": -58
        },
        "right": {
            "left": null,
            "node": {
                "distance_from_earth": 151.8453160291749,
                "sector_code": "151RUB",
                "x": 88,
                "y": 87,
                "z": -88
            },
            "right": null
        }
    }
}