{
    "left": {
        "left": {
            "left": null,
            "node": {
                "distance_from_earth": 122.46223907801131,
                "sector_code": "122LDB",
                "x": -95,
                "y": -14,
                "z": -76
            },
            "right": {
                "left": {
                    "left": null,
                    "node": {
                        "distance_from_earth": 119.16794871105233,
                        "sector_code": "119LDF",
                        "x": -92,
                        "y": -51,
                        "z": 56
                    },
                    "right": null
                },
                "node": {
                    "distance_from_earth": 118.14397995666135,
                    "sector_code": "118LUB",
                    "x": -86,
                    "y": 81,
                    "z": -1
                },
                "right": {
                    "left": {
                        "left": null,
                        "node": {
                            "distance_from_earth": 117.43083070471741,
                            "sector_code": "117LDB",
                            "x": -46,
                            "y": -55,
                            "z": -93
                        },
                        "right": null
                    },
                    "node": {
                        "distance_from_earth": 91.20307012376283,
                        "sector_code": "91LDB",
                        "x": -35,
                        "y": -62,
                        "z": -57
                    },
                    "right": null
                }
            }
        },
        "node": {
            "distance_from_earth": 108.8577052853862,
            "sector_code": "108LUB",
            "x": -35,
            "y": 80,
            "z": -65
        },
        "right": {
            "left": {
                "left": {
                    "left": null,
                    "node": {
                        "distance_from_earth": 78.11529939774923,
                        "sector_code": "78LDF",
                        "x": -30,
                        "y": -21,
                        "z": 69
                    },
                    "right": null
                },
                "node": {
                    "distance_from_earth": 85.77295611088614,
                    "sector_code": "85LDB",
                    "x": -12,
                    "y": -83,
                    "z": -18
                },
                "right": null
            },
            "node": {
                "distance_from_earth": 94.45104552094699,
                "sector_code": "94LDB",
                "x": -9,
                "y": -46,
                "z": -82
            },
            "right": {
                "left": null,
                "node": {
                    "distance_from_earth": 78.77816956492453,
                    "sector_code": "78LUB",
                    "x": -6,
                    "y": 41,
                    "z": -67
                },
                "right": {
                    "left": null,
                    "node": {
                        "distance_from_earth": 78.80355321938218,
                        "sector_code": "78LUB",
                        "x": -3,
                        "y": 24,
                        "z": -75
                    },
                    "right": null
                }
            }
        }
    },
    "node": {
        "distance_from_earth": 0.0,
        "sector_code": "0SSS",
        "x": 0,
        "y": 0,
        "z": 0
    },
    "right": {
        "left": {
            "left": {
                "left": {
                    "left": {
                        "left": null,
                        "node": {
                            "distance_from_earth": 122.27019260637483,
                            "sector_code": "122RUF",
                            "x": 17,
                            "y": 81,
                            "z": 90
                        },
                        "right": null
                    },
                    "node": {
                        "distance_from_earth": 44.9221548904324,
                        "sector_code": "44RUF",
                        "x": 19,
                        "y": 19,
                        "z": 36
                    },
                    "right": {
                        "left": null,
                        "node": {
                            "distance_from_earth": 87.94316346368261,
                            "sector_code": "87RDF",
                            "x": 22,
                            "y": -71,
                            "z": 47
                        },
                        "right": {
                            "left": null,
                            "node": {
                                "distance_from_earth": 54.46099521676041,
                                "sector_code": "54RUB",
                                "x": 38,
                                "y": 39,
                                "z": -1
                            },
                            "right": null
                        }
                    }
                },
                "node": {
                    "distance_from_earth": 143.49216006458332,
                    "sector_code": "143RUF",
                    "x": 42,
                    "y": 99,
                    "z": 95
                },
                "right": {
                    "left": null,
                    "node": {
                        "distance_from_earth": 121.69634341261039,
                        "sector_code": "121RDB",
                        "x": 43,
                        "y": -81,
                        "z": -80
                    },
                    "right": {
                        "left": null,
                        "node": {
                            "distance_from_earth": 98.69650449737316,
                            "sector_code": "98RDF",
                            "x": 50,
                            "y": -29,
                            "z": 80
                        },
                        "right": null
                    }
                }
            },
            "node": {
                "distance_from_earth": 74.94664769020693,
                "sector_code": "74RDF",
                "x": 66,
                "y": -30,
                "z": 19
            },
            "right": null
        },
        "node": {
            "distance_from_earth": 86.20904824900923,
            "sector_code": "86RDB",
            "x": 72,
            "y": -22,
            "z": -42
        },
        "right": {
            "left": null,
            "node": {
                "distance_from_earth": 118.27510304370908,
                "sector_code": "118RUB",
                "x": 73,
                "y": 82,
                "z": -44
            },
            "right": null
        }
    }
}