{
    "left": {
        "left": {
            "left": {
                "left": null,
                "node": {
                    "distance_from_earth": 117.6775254668452,
                    "sector_code": "117LUB",
                    "x": -100,
                    "y": 2,
                    "z": -62
                },
                "right": null
            },
            "node": {
                "distance_from_earth": 119.77478866606278,
                "sector_code": "119LUF",
                "x": -85,
                "y": 64,
                "z": 55
            },
            "right": {
                "left": null,
                "node": {
                    "distance_from_earth": 83.62415918859813,
                    "sector_code": "83LDF",
                    "x": -64,
                    "y": -31,
                    "z": 44
                },
                "right": {
                    "left": null,
                    "node": {
                        "distance_from_earth": 101.44949482377919,
                        "sector_code": "101LUB",
                        "x": -58,
                        "y": 68,
                        "z": -48
                    },
                    "right": null
                }
            }
        },
        "node": {
            "distance_from_earth": 90.43229511629129,
            "sector_code": "90LUF",
            "x": -32,
            "y": 77,
            "z": 35
        },
        "right": null
    },
    "node": {
        "distance_from_earth": 0.0,
        "sector_code": "0SSS",
        "x": 0,
        "y": 0,
        "z": 0
    },
    "right": {
        "left": {
            "left": {
                "left": null,
                "node": {
                    "distance_from_earth": 93.81364506296512,
                    "sector_code": "93RUF",
                    "x": 5,
                    "y": 26,
                    "z": 90
                },
                "right": null
            },
            "node": {
                "distance_from_earth": 91.65696918401787,
                "sector_code": "91RUF",
                "x": 7,
                "y": 84,
                "z": 36
            },
            "right": null
        },
        "node": {
            "distance_from_earth": 80.06247560499239,
            "sector_code": "80RDF",
            "x": 41,
            "y": -45,
            "z": 52
        },
        "right": {
            "left": {
                "left": null,
                "node": {
                    "distance_from_earth": 114.95216396397242,
                    "sector_code": "114RDB",
                    "x": 65,
                    "y": -58,
                    "z": -75
                },
                "right": null
            },
            "node": {
                "distance_from_earth": 117.94066304714417,
                "sector_code": "117RDF",
                "x": 93,
                "y": -19,
                "z": 70
            },
            "right": null
        }
    }
}