{
    "left": {
        "left": {
            "left": {
                "left": null,
                "node": {
                    "color": false,
                    "distance_from_earth": 106.61144403862092,
                    "sector_code": "106LDF",
                    "x": -79,
                    "y": -34,
                    "z": 63
                },
                "right": null
            },
            "node": {
                "color": false,
                "distance_from_earth": 82.44392033376384,
                "sector_code": "82LUF",
                "x": -74,
                "y": 5,
                "z": 36
            },
            "right": {
                "left": null,
                "node": {
                    "color": false,
                    "distance_from_earth": 108.97706180660222,
                    "sector_code": "108LUB",
                    "x": -74,
                    "y": 64,
                    "z": -48
                },
                "right": null
            }
        },
        "node": {
            "color": false,
            "distance_from_earth": 87.25823743349392,
            "sector_code": "87LUF",
            "x": -49,
            "y": 43,
            "z": 58
        },
        "right": {
            "left": {
                "left": null,
                "node": {
                    "color": false,
                    "distance_from_earth": 97.9642792042079,
                    "sector_code": "97LUF",
                    "x": -32,
                    "y": 82,
                    "z": 43
                },
                "right": null
            },
            "node": {
                "color": false,
                "distance_from_earth": 126.47134062703692,
                "sector_code": "126LUF",
                "x": -27,
                "y": 95,
                "z": 79
            },
            "right": {
                "left": {
                    "left": null,
                    "node": {
                        "color": true,
                        "distance_from_earth": 0.0,
                        "sector_code": "0SSS",
                        "x": 0,
                        "y": 0,
                        "z": 0
                    },
                    "right": null
                },
                "node": {
                    "color": false,
                    "distance_from_earth": 125.59458587057007,
                    "sector_code": "125RDB",
                    "x": 7,
                    "y": -94,
                    "z": -83
                },
                "right": null
            }
        }
    },
    "node": {
        "color": false,
        "distance_from_earth": 44.86646854834911,
        "sector_code": "44RUB",
        "x": 13,
        "y": 20,
        "z": -38
    },
    "right": {
        "left": {
            "left": {
                "left": {
                    "left": null,
                    "node": {
                        "color": true,
                        "distance_from_earth": 39.57271787481876,
                        "sector_code": "39RUB",
                        "x": 14,
                        "y": 1,
                        "z": -37
                    },
                    "right": null
                },
                "node": {
                    "color": false,
                    "distance_from_earth": 42.07136793592526,
                    "sector_code": "42RDF",
                    "x": 17,
                    "y": -35,
                    "z": 16
                },
                "right": null
            },
            "node": {
                "color": false,
                "distance_from_earth": 104.35516278555652,
                "sector_code": "104RUF",
                "x": 19,
                "y": 100,
                "z": 23
            },
            "right": {
                "left": null,
                "node": {
                    "color": false,
                    "distance_from_earth": 113.94735626595292,
                    "sector_code": "113RDB",
                    "x": 28,
                    "y": -74,
                    "z": -82
                },
                "right": null
            }
        },
        "node": {
            "color": false,
            "distance_from_earth": 119.73721226085064,
            "sector_code": "119RDB",
            "x": 39,
            "y": -60,
            "z": -96
        },
        "right": {
            "left": {
                "left": {
                    "left": null,
                    "node": {
                        "color": true,
                        "distance_from_earth": 95.25229656024048,
                        "sector_code": "95RUF",
                        "x": 45,
                        "y": 82,
                        "z": 18
                    },
                    "right": null
                },
                "node": {
                    "color": false,
                    "distance_from_earth": 107.18675291284833,
                    "sector_code": "107RUF",
                    "x": 50,
                    "y": 75,
                    "z": 58
                },
                "right": null
            },
            "node": {
                "color": false,
                "distance_from_earth": 112.32542009714453,
                "sector_code": "112RUF",
                "x": 74,
                "y": 54,
                "z": 65
            },
            "right": {
                "left": null,
                "node": {
                    "color": false,
                    "distance_from_earth": 153.9675290442761,
                    "sector_code": "153RUB",
                    "x": 80,
                    "y": 91,
                    "z": -95
                },
                "right": null
            }
        }
    }
}