{
    "left": {
        "left": {
            "left": {
                "left": {
                    "left": {
                        "left": {
                            "left": null,
                            "node": {
                                "color": false,
                                "distance_from_earth": 126.93699224418388,
                                "sector_code": "126LUF",
                                "x": -100,
                                "y": 28,
                                "z": 73
                            },
                            "right": null
                        },
                        "node": {
                            "color": true,
                            "distance_from_earth": 110.78808600206071,
                            "sector_code": "110LUB",
                            "x": -93,
                            "y": 32,
                            "z": -51
                        },
                        "right": {
                            "left": null,
                            "node": {
                                "color": false,
                                "distance_from_earth": 133.79461872586654,
                                "sector_code": "133LDB",
                                "x": -91,
                                "y": -94,
                                "z": -28
                            },
                            "right": null
                        }
                    },
                    "node": {
                        "color": false,
                        "distance_from_earth": 132.40468269664785,
                        "sector_code": "132LUF",
                        "x": -87,
                        "y": 91,
                        "z": 41
                    },
                    "right": {
                        "left": null,
                        "node": {
                            "color": false,
                            "distance_from_earth": 137.42634390829147,
                            "sector_code": "137LDF",
                            "x": -81,
                            "y": -97,
                            "z": 54
                        },
                        "right": null
                    }
                },
                "node": {
                    "color": true,
                    "distance_from_earth": 108.09717850156868,
                    "sector_code": "108LDF",
                    "x": -65,
                    "y": -8,
                    "z": 86
                },
                "right": {
                    "left": {
                        "left": null,
                        "node": {
                            "color": false,
                            "distance_from_earth": 112.1160113453917,
                            "sector_code": "112LUF",
                            "x": -65,
                            "y": 68,
                            "z": 61
                        },
                        "right": null
                    },
                    "node": {
                        "color": false,
                        "distance_from_earth": 89.46507698538016,
                        "sector_code": "89LUF",
                        "x": -62,
                        "y": 56,
                        "z": 32
                    },
                    "right": {
                        "left": null,
                        "node": {
                            "color": false,
                            "distance_from_earth": 113.65737987477979,
                            "sector_code": "113LUB",
                            "x": -58,
                            "y": 65,
                            "z": -73
                        },
                        "right": null
                    }
                }
            },
            "node": {
                "color": false,
                "distance_from_earth": 65.55913361233506,
                "sector_code": "65LUB",
                "x": -57,
                "y": 5,
                "z": -32
            },
            "right": {
                "left": {
                    "left": {
                        "left": {
                            "left": null,
                            "node": {
                                "color": true,
                                "distance_from_earth": 91.23595782365635,
                                "sector_code": "91LUB",
                                "x": -52,
                                "y": 74,
                                "z": -12
                            },
                            "right": null
                        },
                        "node": {
                            "color": false,
                            "distance_from_earth": 72.86974680894672,
                            "sector_code": "72LUF",
                            "x": -50,
                            "y": 1,
                            "z": 53
                        },
                        "right": null
                    },
                    "node": {
                        "color": true,
                        "distance_from_earth": 113.35342959081565,
                        "sector_code": "113LUF",
                        "x": -41,
                        "y": 52,
                        "z": 92
                    },
                    "right": {
                        "left": null,
                        "node": {
                            "color": false,
                            "distance_from_earth": 91.88579868510693,
                            "sector_code": "91LUF",
                            "x": -39,
                            "y": 81,
                            "z": 19
                        },
                        "right": null
                    }
                },
                "node": {
                    "color": false,
                    "distance_from_earth": 59.64059020499378,
                    "sector_code": "59LDF",
                    "x": -32,
                    "y": -18,
                    "z": 47
                },
                "right": {
                    "left": null,
                    "node": {
                        "color": false,
                        "distance_from_earth": 109.59470790143108,
                        "sector_code": "109LUF",
                        "x": -31,
                        "y": 67,
                        "z": 81
                    },
                    "right": null
                }
            }
        },
        "node": {
            "color": true,
            "distance_from_earth": 81.34494452638098,
            "sector_code": "81LUB",
            "x": -20,
            "y": 21,
            "z": -76
        },
        "right": {
            "left": {
                "left": {
                    "left": {
                        "left": {
                            "left": null,
                            "node": {
                                "color": false,
                                "distance_from_earth": 83.16249154516716,
                                "sector_code": "83LUB",
                                "x": -16,
                                "y": 66,
                                "z": -48
                            },
                            "right": null
                        },
                        "node": {
                            "color": true,
                            "distance_from_earth": 97.29337079164233,
                            "sector_code": "97LUB",
                            "x": -15,
                            "y": 5,
                            "z": -96
                        },
                        "right": {
                            "left": null,
                            "node": {
                                "color": false,
                                "distance_from_earth": 105.46563421323555,
                                "sector_code": "105LDB",
                                "x": -13,
                                "y": -73,
                                "z": -75
                            },
                            "right": null
                        }
                    },
                    "node": {
                        "color": false,
                        "distance_from_earth": 83.48053665376139,
                        "sector_code": "83LUB",
                        "x": -4,
                        "y": 83,
                        "z": -8
                    },
                    "right": {
                        "left": null,
                        "node": {
                            "color": false,
                            "distance_from_earth": 128.76334882255898,
                            "sector_code": "128SDB",
                            "x": 0,
                            "y": -88,
                            "z": -94
                        },
                        "right": null
                    }
                },
                "node": {
                    "color": true,
                    "distance_from_earth": 0.0,
                    "sector_code": "0SSS",
                    "x": 0,
                    "y": 0,
                    "z": 0
                },
                "right": {
                    "left": {
                        "left": {
                            "left": null,
                            "node": {
                                "color": true,
                                "distance_from_earth": 124.59935794377112,
                                "sector_code": "124RUB",
                                "x": 7,
                                "y": 74,
                                "z": -100
                            },
                            "right": null
                        },
                        "node": {
                            "color": false,
                            "distance_from_earth": 131.04960892730662,
                            "sector_code": "131RUB",
                            "x": 7,
                            "y": 90,
                            "z": -95
                        },
                        "right": null
                    },
                    "node": {
                        "color": false,
                        "distance_from_earth": 81.37567204023571,
                        "sector_code": "81RUF",
                        "x": 15,
                        "y": 54,
                        "z": 59
                    },
                    "right": {
                        "left": null,
                        "node": {
                            "color": false,
                            "distance_from_earth": 67.90434448545984,
                            "sector_code": "67RUB",
                            "x": 17,
                            "y": 59,
                            "z": -29
                        },
                        "right": null
                    }
                }
            },
            "node": {
                "color": false,
                "distance_from_earth": 95.9218431849597,
                "sector_code": "95RUB",
                "x": 19,
                "y": 94,
                "z": -2
            },
            "right": {
                "left": {
                    "left": null,
                    "node": {
                        "color": false,
                        "distance_from_earth": 37.53664875824692,
                        "sector_code": "37RDF",
                        "x": 22,
                        "y": -21,
                        "z": 22
                    },
                    "right": null
                },
                "node": {
                    "color": false,
                    "distance_from_earth": 51.24451190127583,
                    "sector_code": "51RDB",
                    "x": 24,
                    "y": -39,
                    "z": -23
                },
                "right": {
                    "left": null,
                    "node": {
                        "color": false,
                        "distance_from_earth": 125.14791248758407,
                        "sector_code": "125RDB",
                        "x": 27,
                        "y": -73,
                        "z": -98
                    },
                    "right": null
                }
            }
        }
    },
    "node": {
        "color": false,
        "distance_from_earth": 81.4616474176652,
        "sector_code": "81RUB",
        "x": 34,
        "y": 2,
        "z": -74
    },
    "right": {
        "left": {
            "left": {
                "left": {
                    "left": {
                        "left": null,
                        "node": {
                            "color": true,
                            "distance_from_earth": 121.16517651536682,
                            "sector_code": "121RUF",
                            "x": 37,
                            "y": 64,
                            "z": 96
                        },
                        "right": null
                    },
                    "node": {
                        "color": false,
                        "distance_from_earth": 90.69178573608527,
                        "sector_code": "90RDB",
                        "x": 40,
                        "y": -55,
                        "z": -60
                    },
                    "right": null
                },
                "node": {
                    "color": false,
                    "distance_from_earth": 94.13288479590966,
                    "sector_code": "94RUB",
                    "x": 51,
                    "y": 28,
                    "z": -74
                },
                "right": {
                    "left": {
                        "left": null,
                        "node": {
                            "color": true,
                            "distance_from_earth": 120.49066353871572,
                            "sector_code": "120RDF",
                            "x": 53,
                            "y": -78,
                            "z": 75
                        },
                        "right": null
                    },
                    "node": {
                        "color": false,
                        "distance_from_earth": 95.05261700763425,
                        "sector_code": "95RUF",
                        "x": 55,
                        "y": 39,
                        "z": 67
                    },
                    "right": null
                }
            },
            "node": {
                "color": true,
                "distance_from_earth": 139.7891269019161,
                "sector_code": "139RUF",
                "x": 56,
                "y": 94,
                "z": 87
            },
            "right": {
                "left": {
                    "left": {
                        "left": null,
                        "node": {
                            "color": false,
                            "distance_from_earth": 103.06308747558458,
                            "sector_code": "103RDF",
                            "x": 59,
                            "y": -65,
                            "z": 54
                        },
                        "right": null
                    },
                    "node": {
                        "color": true,
                        "distance_from_earth": 74.81978348003956,
                        "sector_code": "74RDB",
                        "x": 59,
                        "y": -1,
                        "z": -46
                    },
                    "right": {
                        "left": null,
                        "node": {
                            "color": false,
                            "distance_from_earth": 98.18859404228171,
                            "sector_code": "98RUF",
                            "x": 63,
                            "y": 74,
                            "z": 14
                        },
                        "right": null
                    }
                },
                "node": {
                    "color": false,
                    "distance_from_earth": 97.94896630388705,
                    "sector_code": "97RDB",
                    "x": 67,
                    "y": -49,
                    "z": -52
                },
                "right": {
                    "left": null,
                    "node": {
                        "color": false,
                        "distance_from_earth": 112.48999955551605,
                        "sector_code": "112RDB",
                        "x": 69,
                        "y": -87,
                        "z": -18
                    },
                    "right": null
                }
            }
        },
        "node": {
            "color": false,
            "distance_from_earth": 140.44571905188138,
            "sector_code": "140RUB",
            "x": 76,
            "y": 85,
            "z": -82
        },
        "right": {
            "left": {
                "left": {
                    "left": null,
                    "node": {
                        "color": true,
                        "distance_from_earth": 147.97972834141845,
                        "sector_code": "147RUB",
                        "x": 81,
                        "y": 91,
                        "z": -84
                    },
                    "right": null
                },
                "node": {
                    "color": false,
                    "distance_from_earth": 112.05802068571441,
                    "sector_code": "112RUF",
                    "x": 84,
                    "y": 74,
                    "z": 5
                },
                "right": null
            },
            "node": {
                "color": false,
                "distance_from_earth": 146.14034350582318,
                "sector_code": "146RUF",
                "x": 88,
                "y": 82,
                "z": 83
            },
            "right": {
                "left": null,
                "node": {
                    "color": false,
                    "distance_from_earth": 112.16059914247963,
                    "sector_code": "112RUB",
                    "x": 94,
                    "y": 60,
                    "z": -12
                },
                "right": null
            }
        }
    }
}