{
    "left": {
        "left": {
            "left": {
                "left": null,
                "node": {
                    "color": false,
                    "distance_from_earth": 90.05553841935541,
                    "sector_code": "90LUB",
                    "x": -81,
                    "y": 18,
                    "z": -35
                },
                "right": null
            },
            "node": {
                "color": false,
                "distance_from_earth": 83.0,
                "sector_code": "83LUF",
                "x": -38,
                "y": 33,
                "z": 66
            },
            "right": {
                "left": null,
                "node": {
                    "color": false,
                    "distance_from_earth": 55.299186250793966,
                    "sector_code": "55LUF",
                    "x": -24,
                    "y": 31,
                    "z": 39
                },
                "right": null
            }
        },
        "node": {
            "color": true,
            "distance_from_earth": 0.0,
            "sector_code": "0SSS",
            "x": 0,
            "y": 0,
            "z": 0
        },
        "right": {
            "left": {
                "left": {
                    "left": null,
                    "node": {
                        "color": false,
                        "distance_from_earth": 30.675723300355934,
                        "sector_code": "30SUB",
                        "x": 0,
                        "y": 10,
                        "z": -29
                    },
                    "right": null
                },
                "node": {
                    "color": true,
                    "distance_from_earth": 95.08943158942533,
                    "sector_code": "95RUB",
                    "x": 20,
                    "y": 91,
                    "z": -19
                },
                "right": {
                    "left": null,
                    "node": {
                        "color": false,
                        "distance_from_earth": 102.20078277586722,
                        "sector_code": "102RUF",
                        "x": 38,
                        "y": 51,
                        "z": 80
                    },
                    "right": null
                }
            },
            "node": {
                "color": false,
                "distance_from_earth": 89.40357934669059,
                "sector_code": "89RDF",
                "x": 42,
                "y": -73,
                "z": 30
            },
            "right": {
                "left": null,
                "node": {
                    "color": false,
                    "distance_from_earth": 82.20097323024831,
                    "sector_code": "82RUF",
                    "x": 48,
                    "y": 22,
                    "z": 63
                },
                "right": null
            }
        }
    },
    "node": {
        "color": false,
        "distance_from_earth": 85.09406559801923,
        "sector_code": "85RUB",
        "x": 54,
        "y": 65,
        "z": -10
    },
    "right": {
        "left": {
            "left": null,
            "node": {
                "color": false,
                "distance_from_earth": 131.88631468048533,
                "sector_code": "131RUB",
                "x": 61,
                "y": 77,
                "z": -88
            },
            "right": null
        },
        "node": {
            "color": false,
            "distance_from_earth": 116.09478885807063,
            "sector_code": "116RDB",
            "x": 67,
            "y": -75,
            "z": -58
        },
        "right": {
            "left": null,
            "node": {
                "color": false,
                "distance_from_earth": 151.8453160291749,
                "sector_code": "151RUB",
                "x": 88,
                "y": 87,
                "z": -88
            },
            "right": null
        }
    }
}