{
    "left": {
        "left": {
            "left": {
                "left": {
                    "left": null,
                    "node": {
                        "color": false,
                        "distance_from_earth": 140.45995870709916,
                        "sector_code": "140LUF",
                        "x": -98,
                        "y": 90,
                        "z": 45
                    },
                    "right": null
                },
                "node": {
                    "color": false,
                    "distance_from_earth": 133.96268137059664,
                    "sector_code": "133LUB",
                    "x": -91,
                    "y": 16,
                    "z": -97
                },
                "right": {
                    "left": null,
                    "node": {
                        "color": false,
                        "distance_from_earth": 135.24052647043342,
                        "sector_code": "135LUF",
                        "x": -83,
                        "y": 40,
                        "z": 99
                    },
                    "right": null
                }
            },
            "node": {
                "color": false,
                "distance_from_earth": 99.37303457175895,
                "sector_code": "99LDB",
                "x": -81,
                "y": -55,
                "z": -17
            },
            "right": {
                "left": {
                    "left": null,
                    "node": {
                        "color": false,
                        "distance_from_earth": 123.4382436686459,
                        "sector_code": "123LUF",
                        "x": -81,
                        "y": 24,
                        "z": 90
                    },
                    "right": null
                },
                "node": {
                    "color": false,
                    "distance_from_earth": 119.7246841716444,
                    "sector_code": "119LUF",
                    "x": -77,
                    "y": 58,
                    "z": 71
                },
                "right": {
                    "left": null,
                    "node": {
                        "color": false,
                        "distance_from_earth": 98.72689603142601,
                        "sector_code": "98LDF",
                        "x": -75,
                        "y": -39,
                        "z": 51
                    },
                    "right": null
                }
            }
        },
        "node": {
            "color": false,
            "distance_from_earth": 106.7707825203131,
            "sector_code": "106LDB",
            "x": -74,
            "y": -70,
            "z": -32
        },
        "right": {
            "left": {
                "left": {
                    "left": {
                        "left": null,
                        "node": {
                            "color": false,
                            "distance_from_earth": 92.65527507918802,
                            "sector_code": "92LUB",
                            "x": -74,
                            "y": 30,
                            "z": -47
                        },
                        "right": null
                    },
                    "node": {
                        "color": true,
                        "distance_from_earth": 117.91522378386941,
                        "sector_code": "117LDB",
                        "x": -72,
                        "y": -92,
                        "z": -16
                    },
                    "right": {
                        "left": null,
                        "node": {
                            "color": false,
                            "distance_from_earth": 122.97154142320898,
                            "sector_code": "122LDF",
                            "x": -64,
                            "y": -99,
                            "z": 35
                        },
                        "right": null
                    }
                },
                "node": {
                    "color": false,
                    "distance_from_earth": 110.46266337545913,
                    "sector_code": "110LDB",
                    "x": -63,
                    "y": -48,
                    "z": -77
                },
                "right": {
                    "left": null,
                    "node": {
                        "color": false,
                        "distance_from_earth": 97.01030873056739,
                        "sector_code": "97LUF",
                        "x": -61,
                        "y": 73,
                        "z": 19
                    },
                    "right": null
                }
            },
            "node": {
                "color": false,
                "distance_from_earth": 88.57200460642177,
                "sector_code": "88LUF",
                "x": -58,
                "y": 65,
                "z": 16
            },
            "right": {
                "left": {
                    "left": {
                        "left": null,
                        "node": {
                            "color": false,
                            "distance_from_earth": 135.32553343696821,
                            "sector_code": "135LUF",
                            "x": -54,
                            "y": 94,
                            "z": 81
                        },
                        "right": null
                    },
                    "node": {
                        "color": true,
                        "distance_from_earth": 107.34989520255714,
                        "sector_code": "107LDF",
                        "x": -52,
                        "y": -84,
                        "z": 42
                    },
                    "right": {
                        "left": null,
                        "node": {
                            "color": false,
                            "distance_from_earth": 118.51160280748886,
                            "sector_code": "118LDF",
                            "x": -45,
                            "y": -86,
                            "z": 68
                        },
                        "right": null
                    }
                },
                "node": {
                    "color": false,
                    "distance_from_earth": 78.39642849007855,
                    "sector_code": "78LDB",
                    "x": -24,
                    "y": -71,
                    "z": -23
                },
                "right": {
                    "left": {
                        "left": null,
                        "node": {
                            "color": true,
                            "distance_from_earth": 42.59107887809371,
                            "sector_code": "42LUB",
                            "x": -23,
                            "y": 18,
                            "z": -31
                        },
                        "right": null
                    },
                    "node": {
                        "color": false,
                        "distance_from_earth": 56.293871780150276,
                        "sector_code": "56SDB",
                        "x": 0,
                        "y": -12,
                        "z": -55
                    },
                    "right": null
                }
            }
        }
    },
    "node": {
        "color": false,
        "distance_from_earth": 0.0,
        "sector_code": "0SSS",
        "x": 0,
        "y": 0,
        "z": 0
    },
    "right": {
        "left": {
            "left": {
                "left": {
                    "left": {
                        "left": {
                            "left": null,
                            "node": {
                                "color": false,
                                "distance_from_earth": 100.88111815399351,
                                "sector_code": "100SUF",
                                "x": 0,
                                "y": 96,
                                "z": 31
                            },
                            "right": null
                        },
                        "node": {
                            "color": true,
                            "distance_from_earth": 116.88028062936878,
                            "sector_code": "116RDB",
                            "x": 6,
                            "y": -85,
                            "z": -80
                        },
                        "right": {
                            "left": null,
                            "node": {
                                "color": false,
                                "distance_from_earth": 103.09219175087898,
                                "sector_code": "103RUB",
                                "x": 12,
                                "y": 100,
                                "z": -22
                            },
                            "right": null
                        }
                    },
                    "node": {
                        "color": false,
                        "distance_from_earth": 86.93100712634129,
                        "sector_code": "86RDF",
                        "x": 16,
                        "y": -49,
                        "z": 70
                    },
                    "right": {
                        "left": null,
                        "node": {
                            "color": false,
                            "distance_from_earth": 95.85927185202274,
                            "sector_code": "95RDB",
                            "x": 17,
                            "y": -8,
                            "z": -94
                        },
                        "right": null
                    }
                },
                "node": {
                    "color": true,
                    "distance_from_earth": 104.88088481701516,
                    "sector_code": "104RUB",
                    "x": 18,
                    "y": 70,
                    "z": -76
                },
                "right": {
                    "left": {
                        "left": null,
                        "node": {
                            "color": false,
                            "distance_from_earth": 87.46427842267951,
                            "sector_code": "87RUF",
                            "x": 23,
                            "y": 64,
                            "z": 55
                        },
                        "right": null
                    },
                    "node": {
                        "color": false,
                        "distance_from_earth": 60.41522986797286,
                        "sector_code": "60RUB",
                        "x": 24,
                        "y": 35,
                        "z": -43
                    },
                    "right": {
                        "left": null,
                        "node": {
                            "color": false,
                            "distance_from_earth": 114.07453703609758,
                            "sector_code": "114RDF",
                            "x": 40,
                            "y": -73,
                            "z": 78
                        },
                        "right": null
                    }
                }
            },
            "node": {
                "color": false,
                "distance_from_earth": 119.9208072020865,
                "sector_code": "119RDB",
                "x": 43,
                "y": -84,
                "z": -74
            },
            "right": {
                "left": {
                    "left": null,
                    "node": {
                        "color": false,
                        "distance_from_earth": 70.34912934784623,
                        "sector_code": "70RDB",
                        "x": 47,
                        "y": -36,
                        "z": -38
                    },
                    "right": null
                },
                "node": {
                    "color": false,
                    "distance_from_earth": 94.32921074619463,
                    "sector_code": "94RUF",
                    "x": 53,
                    "y": 40,
                    "z": 67
                },
                "right": {
                    "left": null,
                    "node": {
                        "color": false,
                        "distance_from_earth": 122.20474622534103,
                        "sector_code": "122RUB",
                        "x": 53,
                        "y": 62,
                        "z": -91
                    },
                    "right": null
                }
            }
        },
        "node": {
            "color": false,
            "distance_from_earth": 147.220922426128,
            "sector_code": "147RUF",
            "x": 55,
            "y": 93,
            "z": 100
        },
        "right": {
            "left": {
                "left": {
                    "left": {
                        "left": null,
                        "node": {
                            "color": false,
                            "distance_from_earth": 125.41531007018241,
                            "sector_code": "125RUB",
                            "x": 58,
                            "y": 74,
                            "z": -83
                        },
                        "right": null
                    },
                    "node": {
                        "color": false,
                        "distance_from_earth": 104.85704554296768,
                        "sector_code": "104RDF",
                        "x": 59,
                        "y": -67,
                        "z": 55
                    },
                    "right": {
                        "left": null,
                        "node": {
                            "color": false,
                            "distance_from_earth": 80.3305670339753,
                            "sector_code": "80RDB",
                            "x": 60,
                            "y": -42,
                            "z": -33
                        },
                        "right": null
                    }
                },
                "node": {
                    "color": true,
                    "distance_from_earth": 78.05767098754612,
                    "sector_code": "78RDF",
                    "x": 66,
                    "y": -21,
                    "z": 36
                },
                "right": {
                    "left": {
                        "left": null,
                        "node": {
                            "color": false,
                            "distance_from_earth": 101.39526616169022,
                            "sector_code": "101RUF",
                            "x": 70,
                            "y": 65,
                            "z": 34
                        },
                        "right": null
                    },
                    "node": {
                        "color": false,
                        "distance_from_earth": 85.37564055396598,
                        "sector_code": "85RUF",
                        "x": 74,
                        "y": 42,
                        "z": 7
                    },
                    "right": {
                        "left": null,
                        "node": {
                            "color": false,
                            "distance_from_earth": 126.05554331325537,
                            "sector_code": "126RDF",
                            "x": 76,
                            "y": -75,
                            "z": 67
                        },
                        "right": null
                    }
                }
            },
            "node": {
                "color": false,
                "distance_from_earth": 111.14405067298924,
                "sector_code": "111RUF",
                "x": 82,
                "y": 70,
                "z": 27
            },
            "right": {
                "left": {
                    "left": null,
                    "node": {
                        "color": false,
                        "distance_from_earth": 116.09478885807063,
                        "sector_code": "116RUF",
                        "x": 85,
                        "y": 77,
                        "z": 18
                    },
                    "right": null
                },
                "node": {
                    "color": false,
                    "distance_from_earth": 143.85061696079026,
                    "sector_code": "143RUB",
                    "x": 87,
                    "y": 82,
                    "z": -80
                },
                "right": {
                    "left": {
                        "left": null,
                        "node": {
                            "color": true,
                            "distance_from_earth": 139.79985693841036,
                            "sector_code": "139RUF",
                            "x": 92,
                            "y": 66,
                            "z": 82
                        },
                        "right": null
                    },
                    "node": {
                        "color": false,
                        "distance_from_earth": 134.89625643434292,
                        "sector_code": "134RDB",
                        "x": 98,
                        "y": -32,
                        "z": -87
                    },
                    "right": null
                }
            }
        }
    }
}