{
    "left": {
        "left": {
            "left": {
                "left": {
                    "left": null,
                    "node": {
                        "color": true,
                        "distance_from_earth": 131.01526628603247,
                        "sector_code": "131LDF",
                        "x": -93,
                        "y": -80,
                        "z": 46
                    },
                    "right": null
                },
                "node": {
                    "color": false,
                    "distance_from_earth": 109.1833320612629,
                    "sector_code": "109LDF",
                    "x": -60,
                    "y": -65,
                    "z": 64
                },
                "right": null
            },
            "node": {
                "color": false,
                "distance_from_earth": 112.55665240224586,
                "sector_code": "112LDF",
                "x": -59,
                "y": -88,
                "z": 38
            },
            "right": {
                "left": {
                    "left": null,
                    "node": {
                        "color": true,
                        "distance_from_earth": 92.62289133902051,
                        "sector_code": "92LUB",
                        "x": -51,
                        "y": 7,
                        "z": -77
                    },
                    "right": null
                },
                "node": {
                    "color": false,
                    "distance_from_earth": 66.2872536767062,
                    "sector_code": "66LUF",
                    "x": -32,
                    "y": 39,
                    "z": 43
                },
                "right": null
            }
        },
        "node": {
            "color": true,
            "distance_from_earth": 113.14592347937243,
            "sector_code": "113LDF",
            "x": -11,
            "y": -75,
            "z": 84
        },
        "right": {
            "left": {
                "left": null,
                "node": {
                    "color": false,
                    "distance_from_earth": 0.0,
                    "sector_code": "0SSS",
                    "x": 0,
                    "y": 0,
                    "z": 0
                },
                "right": null
            },
            "node": {
                "color": false,
                "distance_from_earth": 101.82828683622247,
                "sector_code": "101RUF",
                "x": 30,
                "y": 37,
                "z": 90
            },
            "right": {
                "left": null,
                "node": {
                    "color": false,
                    "distance_from_earth": 130.95800853708795,
                    "sector_code": "130RUB",
                    "x": 30,
                    "y": 95,
                    "z": -85
                },
                "right": null
            }
        }
    },
    "node": {
        "color": false,
        "distance_from_earth": 64.72248450113763,
        "sector_code": "64RDF",
        "x": 34,
        "y": -27,
        "z": 48
    },
    "right": {
        "left": {
            "left": null,
            "node": {
                "color": false,
                "distance_from_earth": 91.94019795497506,
                "sector_code": "91RUB",
                "x": 49,
                "y": 54,
                "z": -56
            },
            "right": null
        },
        "node": {
            "color": false,
            "distance_from_earth": 124.84390253432484,
            "sector_code": "124RDF",
            "x": 76,
            "y": -81,
            "z": 57
        },
        "right": {
            "left": null,
            "node": {
                "color": false,
                "distance_from_earth": 107.07940978544848,
                "sector_code": "107RUF",
                "x": 84,
                "y": 21,
                "z": 63
            },
            "right": null
        }
    }
}