{
    "left": {
        "left": {
            "node": {
                "data": {
                    "points": [
                        {
                            "features": [
                                -0.0021673459555005634,
                                -0.8524454131747808,
                                0.5538970398519655,
                                -0.9576254130331561,
                                0.43582550192435376,
                                -1.5756334427558802,
                                -0.9144735846327454
                            ],
                            "label": "Not Habitable"
                        }
                    ]
                },
                "isLeaf": true
            }
        },
        "node": {
            "isLeaf": false,
            "split_dimension": 1,
            "split_value": 1.5354195566837412
        },
        "right": {
            "node": {
                "data": {
                    "points": [
                        {
                            "features": [
                                -0.8441953539343947,
                                1.5354195566837412,
                                -0.6126722604935265,
                                -0.9125520151162391,
                                0.6976412286127508,
                                0.1373549294257931,
                                1.3884157439241567
                            ],
                            "label": "Not Habitable"
                        }
                    ]
                },
                "isLeaf": true
            }
        }
    },
    "node": {
        "isLeaf": false,
        "split_dimension": 5,
        "split_value": 0.23737669249147467
    },
    "right": {
        "left": {
            "node": {
                "data": {
                    "points": [
                        {
                            "features": [
                                1.6333806304613083,
                                0.24272040943669754,
                                -1.2582659741467677,
                                1.4357985010973926,
                                0.591061831084162,
                                0.23737669249147467,
                                0.5126052006138702
                            ],
                            "label": "Habitable"
                        }
                    ]
                },
                "isLeaf": true
            }
        },
        "node": {
            "isLeaf": false,
            "split_dimension": 2,
            "split_value": 1.3170411947883287
        },
        "right": {
            "node": {
                "data": {
                    "points": [
                        {
                            "features": [
                                -0.7870179305714131,
                                -0.9256945529456587,
                                1.3170411947883287,
                                0.43437892705200326,
                                -1.7245285616212664,
                                1.2009018208386133,
                                -0.9865473599052814
                            ],
                            "label": "Not Habitable"
                        }
                    ]
                },
                "isLeaf": true
            }
        }
    }
}